Category,Name,Age,Occupation,Interests,Pain Points,Gender,Appearance,Personality Traits,Preferred Content Format,Content Frequency,Location
Money Making Online,Sarah,28,Freelance Writer,Entrepreneurship; Side Hustles; Online Courses,Finding reliable ways to generate income; Managing multiple income streams,Female,Short brown hair; Casual attire,Determined; Resourceful; Optimistic,Video Tutorials; Blog Posts,Weekly,New York, USA

Digital Marketing,Mark,35,Small Business Owner,SEO; Social Media Marketing; Email Campaigns,Increasing online visibility; Converting leads into customers,Male,Beard; Business casual attire,Analytical; Strategic; Goal-Oriented,Case Studies; Webinars,Weekly,San Francisco, USA

Personal Finance and Investing,Emily,40,Financial Analyst,Stock Market; Retirement Planning; Budgeting,Managing investments; Maximizing returns,Female,Medium-length blonde hair; Professional attire,Practical; Cautious; Detail-Oriented,Video Tutorials; Articles,Bi-Weekly,Chicago, USA

Tech Reviews and Unboxings,Alex,22,College Student,Gadgets; Gaming; New Technologies,Deciding which products to buy; Staying updated with the latest tech,Male,Short black hair; Casual attire,Curious; Tech-Savvy; Enthusiastic,Unboxing Videos; Reviews,Daily,Los Angeles, USA

Health and Fitness,Lisa,30,Fitness Instructor,Exercise Routines; Healthy Eating; Wellness,Maintaining motivation; Finding effective workouts,Female,Athletic build; Sporty attire,Passionate; Motivating; Energetic,Workout Videos; Nutrition Tips,Daily,Austin, USA

Meditation,John,45,Lawyer,Stress Relief; Mindfulness; Mental Health,Managing stress; Finding time for meditation,Male,Short gray hair; Formal attire,Calm; Reflective; Patient,Guided Meditations; Podcasts,Weekly,Seattle, USA

Stoicism,David,50,Professor,Philosophy; Self-Improvement; Ancient Wisdom,Applying stoic principles in daily life; Finding relevant resources,Male,Glasses; Professional attire,Thoughtful; Wise; Rational,Video Lectures; Articles,Bi-Weekly,Boston, USA
